车牌,车架,车型,定位时间,经度,纬度,位置描述
鄂W907E3,1C4HJXEN0NW130507,Jeep新牧马人/自动/SUV/2.0T,2024/11/15 11:29,89.170750,42.944080,新疆维吾尔自治区吐鲁番市高昌区高昌路街道西环中路老城西路交汇处东侧西北约85米
鄂AR981Q,1C4HJXEN1NW130676,Jeep新牧马人/自动/SUV/2.0T,2024/11/15 11:19,100.315250,28.539690,四川省甘孜藏族自治州稻城县香格里拉镇圣湖美地酒店东南约197米
鄂A2Q06E,1C4HJXEN1NW130886,Jeep新牧马人/自动/SUV/2.0T,2024/11/15 11:29,117.125840,39.180530,天津市北辰区天穆镇
川GEQ183,1C4HJXEN1NW141046,Jeep新牧马人（雪地胎）/自动/SUV/2.0T,2024/11/15 11:30,90.010930,47.183930,新疆维吾尔自治区阿勒泰地区富蕴县吐尔洪乡
川G7SK02,1C4HJXEN2NW131674,Jeep新牧马人/自动/SUV/2.0T,2024/11/15 11:19,91.686990,32.267820,西藏自治区那曲市安多县帕那镇古西东牧民综合专业合作社
川G1SS65,1C4HJXEN2NW143503,Jeep新牧马人/自动/SUV/2.0T,2024/11/15 11:29,84.494840,44.402150,新疆维吾尔自治区塔城地区乌苏市甘河子镇G312东南约75米
川G26775,1C4HJXEN3NW140769,Jeep新牧马人/自动/SUV/2.0T,2024/11/15 11:29,99.868600,27.795710,云南省迪庆藏族自治州香格里拉市建塘镇拍摄位西南约191米
桂A1Y5U5,1C4HJXEN4NW196753,Jeep新牧马人/自动/SUV/2.0T,2024/11/15 11:30,118.856260,29.565950,浙江省杭州市淳安县界首乡严家村里童41号东北约320米
鄂A9Y214,1C4HJXEN5NW130387,Jeep新牧马人/自动/SUV/2.0T,2024/11/15 11:29,100.926180,37.992100,青海省海北藏族自治州祁连县芒扎村党群综合服务中心东北约485米
鄂AQ740A,1C4HJXEN5NW130874,Jeep新牧马人/自动/SUV/2.0T,2024/11/15 10:30,106.370890,39.007760,宁夏回族自治区石嘴山市大武口区朝阳街道绿城雅居西门(人行门)
鄂W586K8,1C4HJXEN5NW140739,Jeep新牧马人/自动/SUV/2.0T,2024/11/14 9:38,104.070310,30.658840,四川省成都市锦江区春熙路街道交通路33号附1
鄂W661K0,1C4HJXEN6NW130401,Jeep新牧马人/自动/SUV/2.0T,2024/11/15 11:29,100.920230,29.991060,四川省甘孜藏族自治州雅江县河口镇那扎沟西南约364米
川GGE672,1C4HJXEN8NW130769,Jeep新牧马人/自动/SUV/2.0T,2024/11/15 11:28,105.592690,38.221800,内蒙古自治区阿拉善盟阿拉善左旗巴润别立镇元山子西北约745米
鄂W719D7,1C4HJXFN0NW143207,Jeep新牧马人 罗宾汉/自动/SUV/2.0T,2024/11/15 11:13,102.951090,31.322240,四川省阿坝藏族羌族自治州理县朴头镇娜姆湖酒店
鄂A1S829,1C4HJXFN1NW168102,Jeep新牧马人 罗宾汉/自动/SUV/2.0T,2024/11/15 11:22,106.574310,29.558780,重庆市渝中区解放碑街道八一路179号
鄂A8Y79U,1C4HJXFN2NW144021,Jeep新牧马人 罗宾汉/自动/SUV/2.0T,2024/11/15 11:10,100.294230,29.048670,四川省甘孜藏族自治州稻城县金珠镇4季红酒店
鄂A68H59,1C4HJXFN2NW166665,Jeep新牧马人 罗宾汉/自动/SUV/2.0T,2024/11/12 16:43,104.223510,30.656130,四川省成都市龙泉驿区西河街道四川鼎森文化传播有限公司
鄂W306J3,1C4HJXFN2NW202547,Jeep新牧马人 罗宾汉/自动/SUV/2.0T,2024/11/15 11:24,102.769880,30.981240,四川省阿坝藏族羌族自治州小金县4姑娘山镇双桥山庄西南约72米
鄂W913J8,1C4HJXFN4NW166652,Jeep新牧马人 罗宾汉/自动/SUV/2.0T,2024/11/15 10:27,113.266890,23.121500,广东省广州市越秀区珠光街道珠光路112号126
川G0R708,1C4HJXFN5MW834909,Jeep新牧马人 罗宾汉/自动/SUV/2.0T,2024/11/15 11:21,106.573860,29.558700,重庆市渝中区解放碑街道八一路218雅地天际
鄂A14F42,1C4HJXFN5NW202459,Jeep新牧马人 罗宾汉/自动/SUV/2.0T,2024/11/15 11:29,93.038730,35.161040,青海省玉树藏族自治州治多县索加乡
鄂A0M0M3,1C4HJXFN6NW143325,Jeep新牧马人 罗宾汉/自动/SUV/2.0T,2024/11/15 9:54,103.902550,33.272930,四川省阿坝藏族羌族自治州九寨沟县漳扎镇藏家小菜
鄂A7L187,1C4HJXFN6NW166670,Jeep新牧马人 罗宾汉/自动/SUV/2.0T,2024/11/15 10:54,104.069560,30.661950,四川省成都市青羊区西御河街道顺城大街88
鄂W673N3,1C4HJXFN6NW175465,Jeep新牧马人 罗宾汉/自动/SUV/2.0T,2024/11/15 11:18,98.876670,28.439380,云南省迪庆藏族自治州德钦县升平镇高山别庄德钦精品酒店-安缇缦水疗西南约140米
鄂W690L2,1C4HJXFN6NW202678,Jeep新牧马人 罗宾汉（雪地胎）/自动/SUV/2.0T,2024/11/15 11:29,87.447390,47.431640,新疆维吾尔自治区阿勒泰地区阿勒泰市切木尔切克镇
鄂A8J39J,1C4HJXFN7NW143110,Jeep新牧马人 罗宾汉/自动/SUV/2.0T,2024/11/15 11:04,101.585150,30.212840,四川省甘孜藏族自治州康定市新都桥镇
鄂AR83B6,1C4HJXFN8NW166721,Jeep新牧马人 罗宾汉/自动/SUV/2.0T,2024/11/15 11:30,89.258260,29.088370,西藏自治区日喀则市白朗县洛江镇3朱康沙西南约422米
鄂W587N0,1C4HJXFNXNW166638,Jeep新牧马人 罗宾汉/自动/SUV/2.0T,2024/11/15 11:17,101.743480,39.526620,内蒙古自治区阿拉善盟阿拉善右旗巴丹吉林镇哈日根图努如东南约764米
鄂A4790E,1C4HJXFNXNW167983,Jeep新牧马人 罗宾汉/自动/SUV/2.0T,2024/11/15 11:29,123.380120,50.562800,内蒙古自治区呼伦贝尔市鄂伦春自治旗吉文镇
鄂A2U34L,1C4HJXFNXNW202456,Jeep新牧马人 罗宾汉/自动/SUV/2.0T,2024/11/15 11:29,106.563190,29.670340,重庆市渝北区鸳鸯街道大雅·云居山B区停车库
川AF20454,1C4JJXP62NW188321,Jeep新牧马人（混动）/自动/SUV/2.0T,2024/11/15 11:30,101.404520,30.645130,四川省甘孜藏族自治州道孚县8美镇大湾坨东南约258米
9935,LFMGAD423RS009935,丰田新普拉多（京牌）（新车）/自动/SUV/2.4T,2024/11/15 11:23,116.315800,39.896950,北京市海淀区羊坊店街道莲花池东路31号
新A0L255,LFMGAD425RS009631,丰田新普拉多（新车）/自动/SUV/2.4T,2024/11/15 10:53,80.265470,41.158750,新疆维吾尔自治区阿克苏地区阿克苏市多浪街道水韵路与南大街交汇处
11735,LFMGAD425RS011735,丰田新普拉多（新车）/自动/SUV/2.4T,2024/11/15 11:29,106.571120,29.644720,重庆市渝北区鸳鸯街道重庆星驰汽车经纪服务有限公司
苏A320JE,LFV2B2F30P7753022,奥迪Q3/自动/SUV/1.5T,2024/11/15 11:26,99.179650,25.156100,云南省保山市隆阳区永昌街道中国保交行·保山客运北站·旅客集散中心
苏AR7957,LFV2B2F30P7753182,奥迪Q3/自动/SUV/1.5T,2024/11/15 10:23,105.008510,37.456450,宁夏回族自治区中卫市沙坡头区迎水桥镇沙坡头旅游区黄河区-大巴车停车场
粤BL8D22,LFV2B2F30R7500933,奥迪Q3（深牌）/自动/SUV/1.5T,2024/11/15 11:29,118.291060,24.680250,福建省厦门市翔安区内厝镇内厝工业路中桥西北约295米
苏AY37S6,LFV2B2F30R7501340,奥迪Q3/自动/SUV/1.5T,2024/11/15 9:40,103.571560,36.262030,甘肃省兰州市永登县树屏镇缪家湾东北约345米
苏A5WG16,LFV2B2F30R7501368,奥迪Q3/自动/SUV/1.5T,2024/11/15 10:18,105.680410,38.837870,内蒙古自治区阿拉善盟阿拉善左旗巴彦浩特镇东关街1号阿拉善大酒店2楼
京N9NR09,LFV2B2F30R7505694,奥迪Q3（京牌）/自动/SUV/1.5T,2024/11/15 9:43,116.456670,39.882450,北京市朝阳区劲松街道劲松大厦A座
苏AV05G6,LFV2B2F30R7505758,奥迪Q3/自动/SUV/1.5T,2024/11/15 11:20,109.850300,18.407050,海南省陵水黎族自治县英州镇蔚蓝海岸湖畔商业街14号
苏A35F71,LFV2B2F30R7505792,奥迪Q3/自动/SUV/1.5T,2024/11/15 11:25,110.266520,31.450700,湖北省神农架林区神农架林区红坪镇神农顶
苏AJ53V8,LFV2B2F30R7505842,奥迪Q3/自动/SUV/1.5T,2024/11/15 9:47,109.523580,18.224600,海南省三亚市吉阳区榆亚路114
京Q38ZU1,LFV2B2F30R7506828,奥迪Q3（京牌）/自动/SUV/1.5T,2024/11/15 11:21,116.456540,39.885270,北京市朝阳区劲松街道东三环南路甲52号
苏AX90V7,LFV2B2F30R7507204,奥迪Q3/自动/SUV/1.5T,2024/11/15 10:16,109.153250,21.407200,广西壮族自治区北海市银海区北海银滩碧园开元名都度假村东北约54米
苏AA0979,LFV2B2F30R7507221,奥迪Q3/自动/SUV/1.5T,2024/11/15 10:31,113.532220,23.859390,广东省清远市佛冈县石角镇塘寮西北约113米
粤B3X855,LFV2B2F30R7507252,奥迪Q3（深牌）/自动/SUV/1.5T,2024/11/15 11:29,113.885220,22.554890,广东省深圳市宝安区新安街道创业一路1002东北约59米
鄂W057J0,LFV2B2F31P7753028,奥迪Q3/自动/SUV/1.5T,2024/11/15 11:14,111.754860,29.842280,湖南省常德市澧县盐井镇中心小学西北约174米
苏A49W6N,LFV2B2F31R7500682,奥迪Q3/自动/SUV/1.5T,2024/11/15 11:29,101.746170,36.689070,青海省西宁市城北区生物科技产业园经二路36
苏AY75A2,LFV2B2F31R7501492,奥迪Q3/自动/SUV/1.5T,2024/11/15 9:32,76.055140,39.460380,新疆维吾尔自治区喀什地区喀什市浩罕乡新疆火炬燃气股份有限公司东北约98米
苏AW01G7,LFV2B2F31R7507213,奥迪Q3/自动/SUV/1.5T,2024/11/15 10:09,110.458050,19.944730,海南省海口市美兰区演丰镇民航海南空中交通管理分局西北约92米
苏A012JG,LFV2B2F31R7507230,奥迪Q3/自动/SUV/1.5T,2024/11/15 10:38,109.948970,18.417280,海南省陵水黎族自治县新村镇蓝湾绿城威斯汀度假酒店特斯拉目的地充电站
苏AF67C1,LFV2B2F32P7753023,奥迪Q3/自动/SUV/1.5T,2024/11/15 11:30,106.212900,38.479560,宁夏回族自治区银川市金凤区北京中路街道新昌西路
苏A183JX,LFV2B2F32P7753071,奥迪Q3/自动/SUV/1.5T,2024/11/15 10:36,101.793090,36.590490,青海省西宁市城东区大众街社区德令哈路出口(建国路立交出口西北向)东约54米
苏AX77W1,LFV2B2F32R7500352,奥迪Q3/自动/SUV/1.5T,2024/11/15 10:20,104.044480,30.647020,四川省成都市武侯区浆洗街街道成都武侯祠博物馆西区南门地下停车场出入口
苏A033JK,LFV2B2F32R7501047,奥迪Q3/自动/SUV/1.5T,2024/11/15 10:16,108.868030,34.174910,陕西省西安市长安区郭杜街道紫薇田园都市F区蓬莱仙境南门
苏AR225D,LFV2B2F32R7501470,奥迪Q3/自动/SUV/1.5T,2024/11/15 10:01,104.160360,36.553580,甘肃省白银市白银区工农路街道白银福门华府世家西南约81米
浙A670UT,LFV2B2F32R7505700,奥迪Q3（浙A牌）/自动/SUV/1.5T,2024/11/15 9:30,120.109940,30.146990,浙江省杭州市西湖区双浦镇麦岭沙社区枫桦东路336号水韵枫桦公寓8幢
苏AX50H3,LFV2B2F32R7505728,奥迪Q3/自动/SUV/1.5T,2024/11/15 11:29,116.432370,24.304890,广东省梅州市大埔县银江镇下深坑1号大桥东北约109米
苏A55S17,LFV2B2F33R7501042,奥迪Q3/自动/SUV/1.5T,2024/11/15 11:28,115.378270,22.993560,广东省汕尾市海丰县城东镇协祥盛染织有限公司
苏AX66R5,LFV2B2F33R7501350,奥迪Q3/自动/SUV/1.5T,2024/11/15 11:13,101.828140,36.577450,青海省西宁市城东区东川工业园金汇路32号
苏AX92C7,LFV2B2F33R7505818,奥迪Q3/自动/SUV/1.5T,2024/11/15 11:29,94.910870,37.383300,青海省海西蒙古族藏族自治州大柴旦行政委员会柴旦镇G315西南约840米
苏AZ69V2,LFV2B2F33R7506824,奥迪Q3/自动/SUV/1.5T,2024/11/15 11:20,116.727730,23.611970,广东省潮州市湘桥区官塘镇乐顺购物官塘店
苏AZ07T2,LFV2B2F33R7507004,奥迪Q3/自动/SUV/1.5T,2024/11/15 10:54,112.606830,37.763810,山西省太原市小店区龙城街道山西中方世纪工贸有限公司西南约185米
苏AKB131,LFV2B2F33R7507021,奥迪Q3/自动/SUV/1.5T,2024/11/15 11:28,115.847370,28.613810,江西省南昌市南昌县东新乡测绘地理信息局西南(芳湖路)西北约144米
苏AW79H7,LFV2B2F33R7507228,奥迪Q3/自动/SUV/1.5T,2024/11/15 10:23,109.479800,29.987020,湖北省恩施土家族苗族自治州宣恩县珠山镇凌云路41
苏AW00K7,LFV2B2F33R7507262,奥迪Q3/自动/SUV/1.5T,2024/11/15 10:07,94.766380,40.162340,甘肃省酒泉市敦煌市莫高镇自行车租赁点
苏AX69E1,LFV2B2F33R7507276,奥迪Q3/自动/SUV/1.5T,2024/11/15 11:22,121.455190,31.221310,上海市黄浦区瑞金二路街道茂名南路58号
苏A0XA26,LFV2B2F34P7752987,奥迪Q3/自动/SUV/1.5T,2024/11/15 11:28,119.451180,30.637580,浙江省湖州市安吉县竹翠亭东南约131米
苏AX97U9,LFV2B2F34R7500479,奥迪Q3/自动/SUV/1.5T,2024/11/15 11:26,109.120290,21.457340,广西壮族自治区北海市海城区驿马街道北京路138号万汇·海珍城西北约71米
苏AY92F3,LFV2B2F34R7500661,奥迪Q3/自动/SUV/1.5T,2024/11/15 10:57,104.967100,37.509000,宁夏回族自治区中卫市沙坡头区迎水桥镇
苏A29G6L,LFV2B2F34R7501048,奥迪Q3/自动/SUV/1.5T,2024/11/15 10:57,75.994710,39.466570,新疆维吾尔自治区喀什地区喀什市恰萨街道喀什客运站北侧东北约51米
苏A0PX78,LFV2B2F34R7501244,奥迪Q3/自动/SUV/1.5T,2024/11/15 11:27,99.851430,26.322700,云南省大理白族自治州剑川县沙溪镇方合东北约66米
苏A752JV,LFV2B2F34R7501373,奥迪Q3/自动/SUV/1.5T,2024/11/15 11:29,98.920860,37.210710,青海省海西蒙古族藏族自治州天峻县新源镇关角东南约97米
苏AW76V7,LFV2B2F35P7753047,奥迪Q3/自动/SUV/1.5T,2024/11/15 11:28,122.146820,37.428380,山东省威海市环翠区皇冠街道乐天世纪城1-15
苏A783JD,LFV2B2F35P7753114,奥迪Q3/自动/SUV/1.5T,2024/11/15 11:23,75.206730,37.774540,新疆维吾尔自治区喀什地区塔什库尔干塔吉克自治县塔什库尔干乡熟顿东南约278米
苏AV57H0,LFV2B2F35P7753159,奥迪Q3/自动/SUV/1.5T,2024/11/15 11:15,98.497540,39.728160,甘肃省酒泉市肃州区新城街道味到新疆
苏AX05P9,LFV2B2F35R7500801,奥迪Q3/自动/SUV/1.5T,2024/11/15 9:50,76.026660,39.452620,新疆维吾尔自治区喀什地区喀什市多来特巴格乡新城南路99东北约59米
苏A76C31,LFV2B2F35R7501351,奥迪Q3/自动/SUV/1.5T,2024/11/15 11:29,118.685530,28.830560,浙江省衢州市江山市上余镇C026东北约198米
苏AD92T5,LFV2B2F35R7501379,奥迪Q3/自动/SUV/1.5T,2024/11/15 11:29,116.111780,39.310280,河北省保定市高碑店市辛立庄镇
苏A6KN25,LFV2B2F35R7501396,奥迪Q3/自动/SUV/1.5T,2024/10/31 12:31,101.589140,29.920690,四川省甘孜藏族自治州康定市呷巴乡铁索村村委会东北约206米
苏AV35L1,LFV2B2F35R7507019,奥迪Q3/自动/SUV/1.5T,2024/11/15 10:36,113.520410,22.172850,广东省珠海市香洲区湾仔街道银湾路1663号
沪GHS030,LFV2B2F35R7507182,奥迪Q3（沪牌）/自动/SUV/1.5T,2024/11/15 11:20,121.506850,31.242750,上海市浦东新区陆家嘴街道银城路66号尚悦湾广场
鄂W981R9,LFV2B2F36P7753087,奥迪Q3/自动/SUV/1.5T,2024/11/15 11:30,100.807270,30.021330,四川省甘孜藏族自治州理塘县呷洼乡
苏AW35R6,LFV2B2F36R7500435,奥迪Q3/自动/SUV/1.5T,2024/11/15 11:10,104.051090,30.589650,四川省成都市武侯区石羊场街道仁和春天国际广场停车场成汉南路出口
津G7M009,LFV2B2F36R7505781,奥迪Q3/自动/SUV/1.5T,2024/11/15 11:29,117.275340,39.141930,天津市河东区东新街道
京KQV838,LFV2B2F36R7507076,奥迪Q3（京牌）/自动/SUV/1.5T,2024/11/15 11:29,116.016500,39.899140,北京市门头沟区潭柘寺镇潭柘寺浩梦缘农家院西北约447米
苏A966JT,LFV2B2F36R7507224,奥迪Q3/自动/SUV/1.5T,2024/11/15 10:30,106.974900,27.807910,贵州省遵义市汇川区高坪街道董家沟西南约211米
苏AW17R0,LFV2B2F37R7501156,奥迪Q3/自动/SUV/1.5T,2024/11/15 10:09,99.904620,27.804000,云南省迪庆藏族自治州香格里拉市建塘镇普达措国家公园旁
苏AD7185,LFV2B2F37R7501240,奥迪Q3/自动/SUV/1.5T,2024/11/15 11:30,117.219540,29.296660,江西省景德镇市珠山区里村街道报刊亭
苏AV68C7,LFV2B2F38P7753110,奥迪Q3/自动/SUV/1.5T,2024/11/15 11:30,105.155120,37.768370,内蒙古自治区阿拉善盟阿拉善左旗嘉尔嘎勒赛汉镇
苏AU31R9,LFV2B2F38R7501201,奥迪Q3/自动/SUV/1.5T,2024/11/15 10:28,109.120320,21.457360,广西壮族自治区北海市海城区驿马街道北京路138号万汇·海珍城西北约71米
鄂W695P1,LFV2B2F38R7501327,奥迪Q3/自动/SUV/1.5T,2024/11/15 10:01,100.188910,26.876700,云南省丽江市古城区束河街道丽江松赞林卡酒店5栋
苏AW90W3,LFV2B2F39P7753102,奥迪Q3/自动/SUV/1.5T,2024/11/15 11:14,94.766400,40.162070,甘肃省酒泉市敦煌市莫高镇公厕西北约55米
鄂W389P2,LFV2B2F39R7500381,奥迪Q3/自动/SUV/1.5T,2024/11/15 11:24,99.584470,28.531060,云南省迪庆藏族自治州香格里拉市东旺乡
苏A3GW99,LFV2B2F39R7500901,奥迪Q3/自动/SUV/1.5T,2024/11/15 11:27,102.373240,26.488360,四川省凉山彝族自治州会理市富乐镇老深沟西北约558米
苏AKA000,LFV2B2F39R7501241,奥迪Q3/自动/SUV/1.5T,2024/11/15 11:23,104.301790,36.889190,甘肃省白银市景泰县中泉镇黄河石林纪念品销售博览中心西南约122米
苏AU65N0,LFV2B2F39R7501322,奥迪Q3/自动/SUV/1.5T,2024/11/15 11:09,104.464240,30.330060,四川省成都市简阳市石板凳街道刘家大柏林西南约269米
浙AW053V,LFV2B2F39R7505726,奥迪Q3（浙A牌）/自动/SUV/1.5T,2024/11/15 11:29,119.413390,29.561120,浙江省杭州市建德市杨村桥镇绪塘村午坞6号西北约92米
京KPU673,LFV2B2F39R7505743,奥迪Q3（京牌）/自动/SUV/1.5T,2024/11/15 11:29,116.735130,39.612280,河北省廊坊市广阳区耀华道街道北京北大方正软件技术学院附近东南约72米
苏AZ36W7,LFV2B2F39R7505824,奥迪Q3/自动/SUV/1.5T,2024/11/15 6:28,121.242220,31.179430,上海市青浦区徐泾镇徐乐北路
粤B319VZ,LFV2B2F39R7507184,奥迪Q3（深牌）/自动/SUV/1.5T,2024/11/15 11:22,113.326130,23.008800,广东省广州市番禺区大石街道孔雀展区
苏AW50G3,LFV2B2F39R7507220,奥迪Q3/自动/SUV/1.5T,2024/11/15 11:26,110.456900,19.942850,海南省海口市美兰区演丰镇航安一街5
粤B0K19R,LFV2B2F39R7507251,奥迪Q3（深牌）/自动/SUV/1.5T,2024/11/15 9:52,114.062220,22.662520,广东省深圳市龙岗区坂田街道坂雪岗大道与居里夫人大道交汇处
苏AJ76V6,LFV2B2F3XP7753092,奥迪Q3/自动/SUV/1.5T,2024/11/14 22:02,118.137010,24.431060,福建省厦门市思明区滨海街道黄厝溪头下66号
苏AU29P7,LFV2B2F3XR7500356,奥迪Q3/自动/SUV/1.5T,2024/11/15 10:15,85.119090,45.688460,新疆维吾尔自治区克拉玛依市白碱滩区中兴路街道池东路
苏A40J9X,LFV2B2F3XR7505802,奥迪Q3/自动/SUV/1.5T,2024/11/15 10:59,117.814510,28.259480,江西省上饶市铅山县鹅湖镇鹅湖书院-售票处
沪GYX693,LFV2B2F3XR7507050,奥迪Q3（沪牌）/自动/SUV/1.5T,2024/11/15 11:29,121.468240,31.210310,上海市黄浦区打浦桥街道徐家汇路555号
鄂W392S0,LFV3A24K0R3052850,奥迪A6L/双离合/三厢/2.0T,2024/11/15 11:16,111.234870,23.408250,广西壮族自治区梧州市龙圩区龙圩镇停车场
粤A3T2Y5,LFV3A24K0R3054582,奥迪A6L（粤A牌）/双离合/三厢/2.0T,2024/11/15 10:49,116.296760,23.282100,广东省揭阳市普宁市占陇镇万家福购物西南约59米
苏AJ35Y6,LFV3A24K0R3064268,奥迪A6L/双离合/三厢/2.0T,2024/11/15 10:36,108.374690,22.773400,广西壮族自治区南宁市良庆区良庆镇云星·钱隆首府102
苏A231JJ,LFV3A24K1R3064442,奥迪A6L/双离合/三厢/2.0T,2024/11/15 9:39,110.295370,25.279630,广西壮族自治区桂林市秀峰区秀峰街道木子美甲美睫
苏AT72Y2,LFV3A24K1R3066093,奥迪A6L/双离合/三厢/2.0T,2024/11/15 10:08,110.091430,34.544920,陕西省渭南市华阴市岳庙街道华山清心温泉酒店西北约99米
苏AX33M8,LFV3A24K2R3065485,奥迪A6L/双离合/三厢/2.0T,2024/11/15 10:18,116.722600,23.386280,广东省汕头市龙湖区龙祥街道人民法院
琼AG9C75,LFV3A24K3M3006034,奥迪A6L/自动/三厢/1.8T,2024/11/15 11:19,110.537450,19.202140,海南省琼海市潭门镇军埇西南约349米
粤B9Y71N,LFV3A24K3R3055628,奥迪A6L（深牌）/双离合/三厢/2.0T,2024/11/15 10:27,114.203540,22.660970,广东省深圳市龙岗区园山街道广达路68
京KQD381,LFV3A24K3R3068623,奥迪A6L（京牌）/双离合/三厢/2.0T,2024/11/15 11:29,117.126000,32.336520,安徽省合肥市长丰县庄墓镇蚌合高速东北约359米
京JQA389,LFV3A24K3R3068900,奥迪A6L（京牌）/双离合/三厢/2.0T,2024/11/15 10:26,120.464300,41.592510,辽宁省朝阳市双塔区凌河街道朝阳大街一段146号
苏AY69B1,LFV3A24K4R3065326,奥迪A6L/双离合/三厢/2.0T,2024/11/15 11:30,110.950170,29.761250,湖南省常德市石门县磨市镇黄龙峪大桥
苏AZ87J2,LFV3A24K4R3067030,奥迪A6L/双离合/三厢/2.0T,2024/11/15 11:15,112.692900,29.451590,湖南省岳阳市君山区钱粮湖镇衣世界
沪DSS665,LFV3A24K4R3068033,奥迪A6L（沪牌）/双离合/三厢/2.0T,2024/11/15 11:28,108.171720,36.920820,陕西省延安市吴起县吴起街道德邦延安吴起县营业部
粤B63NX7,LFV3A24K5R3057297,奥迪A6L（深牌）/双离合/三厢/2.0T,2024/11/15 10:50,114.063990,22.664980,广东省深圳市龙岗区坂田街道天安云谷产业园(2)期(03-01地块)地下停车场西北约81米
粤B6NG63,LFV3A24K6R3058099,奥迪A6L（深牌）/双离合/三厢/2.0T,2024/11/15 11:08,108.860800,34.406120,陕西省咸阳市渭城区秦汉新城唐风博物馆东南约149米
京KQN398,LFV3A24K6R3067997,奥迪A6L（京牌）/双离合/三厢/2.0T,2024/11/15 11:29,115.986140,39.041270,河北省保定市容城县大河镇崔庄西北约669米
苏AV66F0,LFV3A24K7R3051808,奥迪A6L/双离合/三厢/2.0T,2024/11/15 11:19,118.717100,31.970500,江苏省南京市建邺区1嗨油坊桥地铁站店
苏AV27H0,LFV3A24K7R3064753,奥迪A6L/双离合/三厢/2.0T,2024/11/15 10:12,120.546280,31.280780,江苏省苏州市虎丘区雅瑞口腔
京KBH445,LFV3A24K7R3068916,奥迪A6L（京牌）/双离合/三厢/2.0T,2024/11/15 11:26,116.802600,39.957160,河北省廊坊市三河市燕郊经济技术开发区小张庄路北100号
京A3WC47,LFV3A24K8R3052207,奥迪A6L（京牌）/双离合/三厢/2.0T,2024/11/15 11:29,117.191220,39.132640,天津市河北区光复道街道民族路56号
浙A10E63,LFV3A24K8R3054927,奥迪A6L（浙A牌）/双离合/三厢/2.0T,2024/11/15 11:29,119.941140,31.828230,江苏省常州市新北区三井街道长江中路16号
浙A072FZ,LFV3A24K8R3056306,奥迪A6L（浙A牌）/双离合/三厢/2.0T,2024/11/15 11:23,120.313310,30.163870,浙江省杭州市萧山区博汉烟酒
苏A98Y75,LFV3A24K9R3066620,奥迪A6L/双离合/三厢/2.0T,2024/11/15 9:46,109.033170,34.362950,陕西省西安市灞桥区新筑街道1668时代广场
苏AT0927,LFV3A24K9R3067248,奥迪A6L/双离合/三厢/2.0T,2024/11/15 11:28,121.134650,30.041210,浙江省宁波市余姚市阳明街道北滨江路300号
粤BG0T29,LFV3A24KXR3053553,奥迪A6L（深牌）/双离合/三厢/2.0T,2024/11/15 11:30,114.128750,22.667270,广东省深圳市龙岗区平湖街道华利中电子厂
粤BU03X8,LFV3A24KXR3055741,奥迪A6L（深牌）/双离合/三厢/2.0T,2024/11/15 10:29,113.067020,22.632130,广东省江门市蓬江区环市街道北环路天沙河西岸华茵桂语西南约120米
苏A4YQ18,LFV3A24KXR3066643,奥迪A6L/双离合/三厢/2.0T,2024/11/15 10:15,110.324380,20.000610,海南省海口市龙华区金宇街道办豪苑路16号维也纳国际酒店海口南站店
苏A4YQ18,LFV3A24KXR3066643,奥迪A6L/双离合/三厢/2.0T,,0.000000,0.000000,全球
津G7L511,LFV3A28W0R3621998,奥迪A4L/双离合/三厢/2.0T,2024/11/15 11:29,118.238700,26.724050,福建省南平市延平区大横镇天富生物科技发展公司
京JQR212,LFV3A28W0R3622343,奥迪A4L（京牌）/双离合/三厢/2.0T,2024/11/15 11:08,116.117980,39.801960,北京市丰台区王佐镇静怡园西北约167米
粤B8N25L,LFV3A28W1R3621850,奥迪A4L（深牌）/双离合/三厢/2.0T,2024/11/15 11:14,114.076040,22.541290,广东省深圳市福田区福田街道报刊亭
粤A72MT9,LFV3A28W1R3621881,奥迪A4L（粤A牌）/双离合/三厢/2.0T,2024/11/15 11:19,113.138310,23.009880,广东省佛山市南海区桂城街道怡翠宏璟底商025
津G7J721,LFV3A28W1R3622478,奥迪A4L/双离合/三厢/2.0T,2024/11/15 10:31,108.351220,30.818700,重庆市万州区太白街道红光景苑
京LAY604,LFV3A28W1R3622688,奥迪A4L（京牌）/双离合/三厢/2.0T,2024/11/15 10:36,114.752970,37.351940,河北省邢台市隆尧县隆尧镇王子公主童画摄影童画原创旗舰店
苏AY97R6,LFV3A28W1R3623274,奥迪A4L/双离合/三厢/2.0T,2024/11/15 11:11,115.461370,38.908250,河北省保定市竞秀区保定国家高新区停车场
粤BJ7Z26,LFV3A28W1R3623517,奥迪A4L（深牌）/双离合/三厢/2.0T,2024/11/14 22:45,116.453410,23.233650,广东省汕头市潮南区胪岗镇山斗子西南约286米
鄂W278R9,LFV3A28W2R3622716,奥迪A4L/双离合/三厢/2.0T,2024/11/15 11:02,108.441500,22.809250,广西壮族自治区南宁市青秀区长塘镇玉林虾搞
京CQJ720,LFV3A28W2R3623588,奥迪A4L（京牌）/双离合/三厢/2.0T,2024/11/15 11:29,116.461680,40.029860,北京市朝阳区来广营乡来广营桥东北约182米
苏AX85A1,LFV3A28W2R3624420,奥迪A4L/双离合/三厢/2.0T,2024/11/15 11:07,108.200520,22.627660,广西壮族自治区南宁市江南区吴圩镇那花中桥西南约59米
鄂W766Q1,LFV3A28W3R3622790,奥迪A4L/双离合/三厢/2.0T,2024/11/15 11:15,113.301390,23.396800,广东省广州市花都区花东镇广州白云国际机场-5号贵宾停车场西北约94米
沪GMS873,LFV3A28W3R3623003,奥迪A4L（沪牌）/双离合/三厢/2.0T,2024/11/15 10:31,121.436180,31.381970,上海市宝山区杨行镇杨行镇镇新路98号西北约59米
沪GVB013,LFV3A28W3R3624281,奥迪A4L（沪牌）/双离合/三厢/2.0T,2024/11/15 10:34,121.413930,31.177530,上海市徐汇区田林街道宜山路692-1
粤A92N2C,LFV3A28W4R3623317,奥迪A4L（粤A牌）/双离合/三厢/2.0T,2024/11/15 10:30,114.169590,22.832820,广东省东莞市清溪镇科技路109
粤B150YS,LFV3A28W4R3624354,奥迪A4L（深牌）/双离合/三厢/2.0T,2024/11/15 9:33,114.112480,22.533310,广东省深圳市罗湖区南湖街道建设路1001深圳火车站东广场
粤A1N5Z3,LFV3A28W4R3624595,奥迪A4L（粤A牌）/双离合/三厢/2.0T,2024/11/15 11:09,113.338780,22.138330,广东省珠海市金湾区红旗镇003商业广场首层商铺
鄂W565Q9,LFV3A28W5R3622791,奥迪A4L/双离合/三厢/2.0T,2024/11/15 10:34,99.703150,27.849420,云南省迪庆藏族自治州香格里拉市建塘镇松赞林景区停车场东北约56米
粤A1X20F,LFV3A28W5R3623391,奥迪A4L（粤A牌）/双离合/三厢/2.0T,2024/11/15 11:03,113.315330,23.039830,广东省广州市番禺区洛浦街道环球驾校报名处
京HJJ501,LFV3A28W6R3622816,奥迪A4L（京牌）/双离合/三厢/2.0T,2024/11/15 11:29,113.566970,40.082700,山西省大同市云州区西坪镇黄花产业园西北约310米
粤B5W075,LFV3A28W6R3624484,奥迪A4L（深牌）/双离合/三厢/2.0T,2024/11/15 10:44,110.532630,22.225610,广西壮族自治区玉林市北流市6靖镇竹高村
粤B92RY5,LFV3A28W7R3621948,奥迪A4L（深牌）/双离合/三厢/2.0T,2024/11/15 10:42,113.460040,22.132470,广东省珠海市香洲区横琴镇厚朴道398号
粤B7335Q,LFV3A28W7R3622503,奥迪A4L（深牌）/双离合/三厢/2.0T,2024/11/15 10:22,115.296400,22.796160,广东省汕尾市城区马宫街道金町湾旅游-停车场A
沪GJQ613,LFV3A28W7R3624204,奥迪A4L（沪牌）/双离合/三厢/2.0T,2024/11/15 10:24,121.346410,31.404260,上海市宝山区罗店镇罗芬路1088号B1层
沪EQP163,LFV3A28W8M3643367,奥迪A4L（沪牌）/自动/三厢/2.0T,2024/11/15 10:15,121.156310,31.662720,江苏省苏州市太仓市浮桥镇中国边检1中队东南约127米
津C3D006,LFV3A28W8R3621876,奥迪A4L/双离合/三厢/2.0T,2024/11/15 11:25,117.349850,40.005570,天津市蓟州区洇溜镇敦庄子村东北约257米
津C78Y17,LFV3A28W8R3623370,奥迪A4L/双离合/三厢/2.0T,2024/11/15 9:44,117.383390,38.982310,天津市津南区咸水沽镇新兴东里6号楼底商
苏AV75H9,LFV3A28W8R3624356,奥迪A4L/双离合/三厢/2.0T,2024/11/15 9:47,118.751070,31.911090,江苏省南京市雨花台区秣陵街道牛首山文化旅游区东入口停车场
苏A591JK,LFV3A28W9R3623023,奥迪A4L/双离合/三厢/2.0T,2024/11/15 9:45,104.560490,30.394510,四川省成都市简阳市东溪街道简阳华美达酒店
鄂W933R9,LFV3A28W9R3623314,奥迪A4L/双离合/三厢/2.0T,2024/11/15 11:28,100.226670,25.599370,云南省大理白族自治州大理市下关镇马路边边串串
浙A06C51,LFV3A28WXR3622611,奥迪A4L（浙A牌）/双离合/三厢/2.0T,2024/11/15 9:34,119.010300,29.596950,浙江省杭州市淳安县千岛湖镇梦姑路348
苏AY32L9,LFV3A28WXR3624309,奥迪A4L/双离合/三厢/2.0T,2024/11/15 10:21,121.537330,38.959040,辽宁省大连市甘井子区机场街道蜗享出行大连机场店大连周水子国际机场停车场
鄂W526J3,LFV3B2FY0R3319788,奥迪Q5L/自动/SUV/2.0T,2024/11/15 10:40,98.891450,39.978990,甘肃省酒泉市金塔县金塔镇中国大地财产保险股份有限公司金塔营销部
粤B192VX,LFV3B2FY0R3324666,奥迪Q5L（深牌）/自动/SUV/2.0T,2024/11/15 11:29,113.747700,22.562910,矾石水道东南约5193米
鄂W072K3,LFV3B2FY1R3318620,奥迪Q5L（雪地胎）/自动/SUV/2.0T,2024/11/15 11:28,87.482170,43.899320,新疆维吾尔自治区乌鲁木齐市新市区迎宾路街道空勤服务中心东北约60米
鄂W803R1,LFV3B2FY1R3320576,奥迪Q5L/自动/SUV/2.0T,2024/11/15 10:39,100.231470,25.744440,云南省大理白族自治州大理市海东镇文笔完全小学西北约85米
鄂W383Q2,LFV3B2FY1R3324028,奥迪Q5L（雪地胎）/自动/SUV/2.0T,2024/11/15 11:29,86.861370,47.699220,新疆维吾尔自治区阿勒泰地区布尔津县喀纳斯路5
苏AX68M0,LFV3B2FY1R3327298,奥迪Q5L/自动/SUV/2.0T,2024/11/15 11:30,110.164190,19.938550,海南省海口市秀英区石山镇YT03西北约192米
苏AX78X1,LFV3B2FY1R3329651,奥迪Q5L/自动/SUV/2.0T,2024/11/15 10:43,110.315670,25.252010,广西壮族自治区桂林市七星区漓东街道中国联通5里店营业厅
苏AZ005Y,LFV3B2FY1R3329715,奥迪Q5L/自动/SUV/2.0T,2024/11/15 10:05,117.791250,26.402590,福建省三明市沙县区凤岗街道建国市场收费停车场
苏AU86Q2,LFV3B2FY1R3329732,奥迪Q5L/自动/SUV/2.0T,2024/11/15 10:08,117.237590,29.344720,江西省景德镇市珠山区竟成街道
苏AZ27B3,LFV3B2FY1R3330668,奥迪Q5L/自动/SUV/2.0T,2024/11/15 10:33,106.791970,22.822670,广西壮族自治区崇左市大新县硕龙镇中国·德天跨国瀑布景区游客集散中心东北约90米
苏AZ66G3,LFV3B2FY1R3331285,奥迪Q5L/自动/SUV/2.0T,2024/11/15 9:55,118.481000,28.296320,浙江省衢州市江山市廿8都接待中心酒店
苏A873JA,LFV3B2FY1R3331416,奥迪Q5L/自动/SUV/2.0T,2024/11/15 11:25,100.251930,27.108270,云南省丽江市玉龙纳西族自治县白沙镇玉龙旅游巡回法庭西北约306米
鄂W078R8,LFV3B2FY2R3317931,奥迪Q5L/自动/SUV/2.0T,2024/11/15 9:56,122.294610,39.721370,辽宁省大连市普兰店区乐甲街道大宋屯东北约238米
京LPC603,LFV3B2FY2R3318500,奥迪Q5L（京牌）/自动/SUV/2.0T,2024/11/15 10:05,116.466890,39.932140,北京市朝阳区六里屯街道朝阳公园南路12西门
鄂W923J7,LFV3B2FY3R3324533,奥迪Q5L/自动/SUV/2.0T,2024/11/15 11:09,112.468340,34.569680,河南省洛阳市洛龙区龙门石窟街道龙门石窟景区西北服务区停车场
苏AV8Z31,LFV3B2FY3R3328971,奥迪Q5L/自动/SUV/2.0T,2024/11/15 11:04,109.833640,19.039550,海南省琼中黎族苗族自治县营根镇荣兴来饭店西北约68米
粤A03M1Z,LFV3B2FY3R3330123,奥迪Q5L（粤A牌）/自动/SUV/2.0T,2024/11/15 11:30,113.554720,22.545540,广东省中山市南朗镇荘前山东南约212米
粤A80N9G,LFV3B2FY3R3330302,奥迪Q5L（粤A牌）/自动/SUV/2.0T,2024/11/15 11:15,113.076150,22.922150,广东省佛山市顺德区乐从镇水藤大道28号
粤A63N0N,LFV3B2FY3R3330395,奥迪Q5L（粤A牌）/自动/SUV/2.0T,2024/11/15 11:29,113.108340,23.033010,广东省佛山市禅城区祖庙街道海爪酱烤鸡爪
粤A01M0D,LFV3B2FY3R3331370,奥迪Q5L（粤A牌）/自动/SUV/2.0T,2024/11/15 11:22,112.295940,24.585870,广东省清远市连南瑶族自治县3排镇南岗瑶寨东北约85米
粤A1Z5Q6,LFV3B2FY3R3333412,奥迪Q5L（粤A牌）/自动/SUV/2.0T,2024/11/15 9:49,113.630630,23.152840,广东省广州市增城区新塘镇荔枝公园
粤B09GN7,LFV3B2FY3R3333491,奥迪Q5L（深牌）/自动/SUV/2.0T,2024/11/15 10:49,113.167780,22.794660,广东省佛山市顺德区杏坛镇杏坛镇新涌炳记饲料门市部
粤B9T06H,LFV3B2FY3R3334379,奥迪Q5L（深牌）/自动/SUV/2.0T,2024/11/15 9:56,113.809780,22.605060,广东省深圳市宝安区航城街道新港务码头大道1001号
鄂W769P0,LFV3B2FY4R3319647,奥迪Q5L/自动/SUV/2.0T,2024/11/15 11:28,106.276830,38.459780,宁夏回族自治区银川市兴庆区新华街街道利群东街159
京JQC732,LFV3B2FY4R3327859,奥迪Q5L（京牌）/自动/SUV/2.0T,2024/11/15 11:16,116.352240,39.930510,北京市西城区新街口街道平安里西大街26号楼
苏AT96N2,LFV3B2FY4R3329353,奥迪Q5L/自动/SUV/2.0T,2024/11/15 9:55,119.749880,40.025520,河北省秦皇岛市山海关区孟姜镇山海关服务区-公厕
苏A0P72B,LFV3B2FY4R3329854,奥迪Q5L/自动/SUV/2.0T,2024/11/15 10:39,111.230850,39.863370,内蒙古自治区鄂尔多斯市准格尔旗兴隆街道万福隆名烟名酒
苏AW81W3,LFV3B2FY4R3330048,奥迪Q5L/自动/SUV/2.0T,2024/11/15 10:43,108.952910,34.266890,陕西省西安市新城区西一路街道东新街319号
苏AZ50U6,LFV3B2FY4R3331359,奥迪Q5L/自动/SUV/2.0T,2024/11/15 10:41,113.291290,40.091770,山西省大同市平城区南街街道局酒吧
苏AW75H1,LFV3B2FY4R3333340,奥迪Q5L/自动/SUV/2.0T,2024/11/15 11:25,118.609680,24.759700,福建省泉州市晋江市新塘街道良种场良狮路33
苏AU18U2,LFV3B2FY4R3333774,奥迪Q5L/自动/SUV/2.0T,2024/11/15 11:26,107.663460,34.220890,陕西省宝鸡市岐山县蔡家坡镇中国移动通信安乐营业厅东南约123米
鄂W992P0,LFV3B2FY5R3318328,奥迪Q5L/自动/SUV/2.0T,2024/11/15 9:43,106.081860,36.393040,宁夏回族自治区中卫市海原县三河镇凤凰园
京CAA943,LFV3B2FY5R3319155,奥迪Q5L（京牌）/自动/SUV/2.0T,2024/11/15 10:01,116.346530,39.941350,北京市西城区展览路街道西直门外大街1号院1
鄂W98A40,LFV3B2FY5R3319351,奥迪Q5L/自动/SUV/2.0T,2024/11/15 9:51,102.986730,31.416820,四川省阿坝藏族羌族自治州理县朴头镇公厕西北约86米
鄂W793Q5,LFV3B2FY5R3319477,奥迪Q5L/自动/SUV/2.0T,2024/11/15 11:30,103.265650,25.035510,云南省昆明市宜良县耿家营彝族苗族乡占马地西南约582米
鄂W761P9,LFV3B2FY5R3320113,奥迪Q5L/自动/SUV/2.0T,2024/11/15 11:29,99.589020,27.958600,云南省迪庆藏族自治州香格里拉市尼西乡哈拉东南约707米
鄂W295J0,LFV3B2FY5R3320211,奥迪Q5L/自动/SUV/2.0T,2024/11/15 11:30,75.946000,39.610460,新疆维吾尔自治区克孜勒苏柯尔克孜自治州阿图什市上阿图什镇塔库特村克力斯-来力汗东北约202米
沪GLK198,LFV3B2FY5R3327191,奥迪Q5L（沪牌）/自动/SUV/2.0T,2024/11/15 9:53,121.603920,31.309350,上海市浦东新区高东镇德堡路38号1号楼南部1层101/102
浙A99F05,LFV3B2FY5R3329183,奥迪Q5L（浙A牌）/自动/SUV/2.0T,2024/11/15 10:34,120.025650,30.379170,浙江省杭州市余杭区赞成·良着
苏AU90R1,LFV3B2FY5R3330916,奥迪Q5L/自动/SUV/2.0T,2024/11/15 11:23,112.527650,26.497580,湖南省衡阳市常宁市蓬塘乡常宁服务区B区
苏AT1533,LFV3B2FY5R3330947,奥迪Q5L/自动/SUV/2.0T,2024/11/15 10:24,112.755970,32.077640,湖北省襄阳市枣阳市南城街道光武农机
苏AZ621X,LFV3B2FY5R3331466,奥迪Q5L/自动/SUV/2.0T,2024/11/15 11:24,98.913910,28.444770,云南省迪庆藏族自治州德钦县升平镇雾浓顶西南约340米
鄂W069T1,LFV3B2FY6R3318841,奥迪Q5L/自动/SUV/2.0T,2024/11/15 9:52,102.765720,30.980760,四川省阿坝藏族羌族自治州小金县4姑娘山镇潘家青年超市东北约92米
鄂W857P8,LFV3B2FY6R3319598,奥迪Q5L/自动/SUV/2.0T,2024/11/15 10:02,107.694380,25.292000,贵州省黔南布依族苗族自治州荔波县小7孔镇停车场东南约158米
京N5RU30,LFV3B2FY6R3324591,奥迪Q5L（京牌）/自动/SUV/2.0T,2024/11/15 11:04,115.301330,40.976680,河北省张家口市崇礼区西湾子镇富龙4季小镇景区西南约152米
鄂W597P6,LFV3B2FY6R3324722,奥迪Q5L/自动/SUV/2.0T,2024/11/15 11:18,104.301850,36.889150,甘肃省白银市景泰县中泉镇黄河石林纪念品销售博览中心西南约117米
鄂W795T7,LFV3B2FY7R3305483,奥迪Q5L/自动/SUV/2.0T,2024/11/15 10:24,108.934830,34.373750,陕西省西安市未央区草滩街道元朔路与文景路交叉口路北西南约105米
浙AU77K7,LFV3B2FY7R3331176,奥迪Q5L（浙A牌）/自动/SUV/2.0T,2024/11/15 10:25,120.208510,30.289480,浙江省杭州市上城区火车东站西区(1)自行车租赁点东北约95米
鄂W665P2,LFV3B2FY8R3320476,奥迪Q5L/自动/SUV/2.0T,2024/11/15 11:27,106.544770,29.615520,重庆市渝北区天宫殿街道庐山大道东端南侧重庆北站北广场
鄂W392R8,LFV3B2FY8R3320512,奥迪Q5L/自动/SUV/2.0T,2024/11/15 11:30,108.120190,26.570940,贵州省黔东南苗族侗族自治州凯里市3棵树镇阿龙农家乐西北约393米
鄂W595R0,LFV3B2FY8R3320543,奥迪Q5L/自动/SUV/2.0T,2024/11/15 10:33,98.436000,25.378780,云南省保山市腾冲市滇滩镇云峰山风景区停车场西北约64米
鄂W38Z75,LFV3B2FY8R3320638,奥迪Q5L/自动/SUV/2.0T,2024/11/15 11:29,100.482120,30.086870,四川省甘孜藏族自治州雅江县柯拉乡G318东北约930米
京EGR413,LFV3B2FY8R3320705,奥迪Q5L（京牌）/自动/SUV/2.0T,2024/11/15 11:26,116.703790,39.718700,北京市通州区于家务回族乡满意饭店
京LJQ539,LFV3B2FY9R3320356,奥迪Q5L（京牌）/自动/SUV/2.0T,2024/11/15 10:57,116.460040,40.023220,北京市朝阳区来广营乡广达路2号院6号楼
鄂W003S9,LFV3B2FY9R3330112,奥迪Q5L/自动/SUV/2.0T,2024/11/15 10:43,111.813240,40.856530,内蒙古自治区呼和浩特市赛罕区巴彦街道呼和浩特白塔机场
粤B231C1,LFV3B2FYXR3319054,奥迪Q5L（深牌）/自动/SUV/2.0T,2024/11/15 11:29,113.565930,22.606290,广东省中山市民众镇田基沙沥东北约755米
鄂W717S7,LFV3B2FYXR3329177,奥迪Q5L/自动/SUV/2.0T,2024/11/15 11:20,103.591530,30.896850,四川省成都市都江堰市青城山镇青城山6善酒店停车场
粤A56K0S,LSV2D7G61RN010419,奥迪Q6（粤A牌）/自动/SUV/2.0T,2024/11/15 11:01,113.139890,23.373590,广东省广州市花都区秀全街道广州风神高尔夫球会停车场电动汽车充电站
鄂A57A8V,LSV2D7G61RN010470,奥迪Q6/自动/SUV/2.0T,2024/11/15 11:21,104.081520,30.667190,四川省成都市青羊区草市街街道
鄂AW7663,LSV2D7G62RN010445,奥迪Q6/自动/SUV/2.0T,2024/11/15 10:51,110.354470,18.672890,海南省万宁市东澳镇神州半岛喜来登酒店电动汽车充电站
鄂A3Z3L8,LSV2D7G62RN010462,奥迪Q6/自动/SUV/2.0T,2024/11/15 11:27,75.899130,39.411970,新疆维吾尔自治区喀什地区疏附县吾库萨克镇乌鲁木齐-红其拉甫
鄂AW9981,LSV2D7G63RN010485,奥迪Q6/自动/SUV/2.0T,2024/11/15 11:24,114.421120,31.105810,湖北省武汉市黄陂区花谷湖畔度假酒店
浙A121W9,LSV2D7G65RN010472,奥迪Q6（浙A牌）/自动/SUV/2.0T,2024/11/15 10:44,118.904680,42.279130,内蒙古自治区赤峰市松山区铁东街道金和城西北约117米
粤BA7Y80,LSV2D7G68RN010403,奥迪Q6（深牌）/自动/SUV/2.0T,2024/11/15 10:54,119.015310,25.433630,福建省莆田市荔城区镇海街道北大北街6三信金鼎广场
鄂A1Q701,LSV2D7G68RN010417,奥迪Q6/自动/SUV/2.0T,2024/11/15 11:14,115.857640,28.783950,江西省南昌市青山湖区冠山管理处南昌理工学院金鸟巢体育馆东南约64米
鄂AW7M61,LSV2D7G69RN010426,奥迪Q6/自动/SUV/2.0T,2024/11/15 11:30,100.194100,25.906950,云南省大理白族自治州大理市双廊镇海兰元客栈东北约58米
沪EQT306,LSV2D7G6XPN013512,奥迪Q6（沪牌）/自动/SUV/2.0T,2024/11/15 10:49,121.226620,31.032750,上海市松江区方松街道地铁松江新城站1楼
鄂W903N2,LSVCD6F20P2028731,奥迪A7L/自动/三厢/2.0T,2024/11/15 10:11,119.017150,33.605570,江苏省淮安市清江浦区淮海街道淮海北路65-3号
浙A9N2U1,LSVCD6F20P2028776,奥迪A7L（浙A牌）/自动/三厢/2.0T,2024/11/15 11:29,118.384390,31.180760,安徽省芜湖市弋江区白马街道芜南公路
湘A6M9G2,LSVCD6F21P2028351,奥迪A7L/自动/三厢/2.0T,2024/11/15 11:29,114.058510,29.133270,江西省九江市修水县全丰镇湾头东南约283米
京MPR195,LSVCD6F21P2028446,奥迪A7L（京牌）/自动/三厢/2.0T,2024/11/15 11:29,116.555320,40.253640,北京市顺义区北石槽镇东辛庄桥东北约353米
粤A00EQ6,LSVCD6F21P2028494,奥迪A7L（粤A牌）/自动/三厢/2.0T,2024/11/15 10:49,113.247240,23.064460,广东省广州市荔湾区东沙街道东沙小学
粤CL637E,LSVCD6F21P2028835,奥迪A7L/自动/三厢/2.0T,2024/11/15 10:48,120.299490,31.579820,江苏省无锡市梁溪区BIUBIU24小时自助舞室
粤CN570D,LSVCD6F21P2028916,奥迪A7L/自动/三厢/2.0T,2024/11/15 11:15,114.024230,22.529300,广东省深圳市福田区沙头街道优剪西南约56米
粤B3N90C,LSVCD6F22P2023630,奥迪A7L（深牌）/自动/三厢/2.0T,2024/11/15 11:05,114.101830,22.545360,广东省深圳市罗湖区桂园街道京基金融中心广场
鄂A3J8S2,LSVCD6F22P2028231,奥迪A7L/自动/三厢/2.0T,2024/11/15 11:24,114.412460,23.121640,广东省惠州市惠城区江北街道三新南路8-12
京MPX391,LSVCD6F22P2028455,奥迪A7L（京牌）/自动/三厢/2.0T,2024/11/15 11:29,116.450090,39.965230,北京市朝阳区太阳宫乡太阳宫金星园4
鄂A1H96Y,LSVCD6F22P2028522,奥迪A7L/自动/三厢/2.0T,2024/11/15 11:00,116.879050,33.667820,安徽省宿州市埇桥区西2铺乡美惠多超市东北约156米
鄂A3Y6H5,LSVCD6F22P2028603,奥迪A7L/自动/三厢/2.0T,2024/11/15 11:25,120.314950,30.446420,浙江省杭州市临平区东湖街道胡桥社区北沙东路58-60号利蒙达4号仓库
鄂A2T97K,LSVCD6F22P2028892,奥迪A7L/自动/三厢/2.0T,2024/11/15 9:51,109.742690,18.367370,海南省三亚市海棠区海棠北路100
鄂A6U9Z1,LSVCD6F22P2029007,奥迪A7L/自动/三厢/2.0T,2024/11/15 10:14,99.703560,27.849360,云南省迪庆藏族自治州香格里拉市建塘镇松赞林景区停车场东北约76米
陕U161ZS,LSVCD6F23P2028142,奥迪A7L/自动/三厢/2.0T,2024/11/15 11:29,122.547030,37.398390,山东省威海市荣成市成山镇旺行养殖有限公司东北约572米
鄂A9P7J8,LSVCD6F23P2028223,奥迪A7L/自动/三厢/2.0T,2024/11/15 11:27,118.791410,31.981660,江苏省南京市雨花台区雨花街道丁墙路两侧
鄂A9Z3E5,LSVCD6F24P2022740,奥迪A7L/自动/三厢/2.0T,2024/11/15 11:16,99.773820,28.159520,云南省迪庆藏族自治州香格里拉市香稻3号桥东北约353米
粤C279E5,LSVCD6F24P2028389,奥迪A7L/自动/三厢/2.0T,2024/11/15 9:45,113.776800,23.045670,广东省东莞市东城街道百源桶装水配送中心
浙A971Y3,LSVCD6F24P2028635,奥迪A7L（浙A牌）/自动/三厢/2.0T,2024/11/15 11:30,120.143340,30.309310,浙江省杭州市拱墅区大关站D1西北约53米
粤CE811C,LSVCD6F24P2029011,奥迪A7L/自动/三厢/2.0T,2024/11/15 11:08,114.443270,22.800140,广东省惠州市惠阳区淡水街道半岛路1号格兰云天国际酒店
鄂AW8132,LSVCD6F25P2028224,奥迪A7L/自动/三厢/2.0T,2024/11/15 11:11,100.203580,25.699610,云南省大理白族自治州大理市大理镇环海西路270号
浙A371XG,LSVCD6F25P2028532,奥迪A7L（浙A牌）/自动/三厢/2.0T,2024/11/15 11:29,116.198660,32.540920,安徽省阜阳市颍上县半岗镇强郢村西南约463米
鄂A0F79J,LSVCD6F26P2020651,奥迪A7L/自动/三厢/2.0T,2024/11/15 11:16,113.461470,22.704180,广东省中山市三角镇兴源三街3
鄂A9Y397,LSVCD6F26P2021055,奥迪A7L/自动/三厢/2.0T,2024/11/15 10:59,106.925320,27.710860,贵州省遵义市汇川区上海路街道办事处浩鑫·凤岭花园1-2地下停车库
鄂A3V752,LSVCD6F26P2028412,奥迪A7L/自动/三厢/2.0T,2024/11/15 11:29,119.200040,34.459120,江苏省连云港市海州区新坝镇墙匡村卫生室
鄂AP539N,LSVCD6F26P2028443,奥迪A7L/自动/三厢/2.0T,2024/11/15 10:44,110.044540,25.452710,广西壮族自治区桂林市临桂区中庸镇王家山村东北约230米
鄂A14B72,LSVCD6F26P2028491,奥迪A7L/自动/三厢/2.0T,2024/11/15 11:09,106.488370,26.554620,贵州省贵阳市清镇市巢凤社区服务中心清镇佐泰5菱宝骏4S店
沪EMR999,LSVCD6F26P2028507,奥迪A7L（沪牌）/自动/三厢/2.0T,2024/11/15 9:41,120.614740,30.974220,江苏省苏州市吴江区平望镇扬扇路
粤BH92Y7,LSVCD6F26P2028684,奥迪A7L（深牌）/自动/三厢/2.0T,2024/11/15 9:38,114.060660,22.607050,广东省深圳市龙岗区坂田街道星河雅宝高科创新园宿舍区2栋
粤BH92Y7,LSVCD6F26P2028684,奥迪A7L（深牌）/自动/三厢/2.0T,,0.000000,0.000000,全球
鄂AK0D61,LSVCD6F26P2028846,奥迪A7L/自动/三厢/2.0T,2024/11/15 9:53,106.491480,26.393300,贵州省安顺市平坝区马场镇羊艾幼儿园东北约257米
鄂A7T66B,LSVCD6F26P2028877,奥迪A7L/自动/三厢/2.0T,2024/11/15 11:30,111.686650,29.045430,湖南省常德市武陵区穿紫河街道自行车租赁点
粤A1Q02F,LSVCD6F27P2020383,奥迪A7L（粤A牌）/自动/三厢/2.0T,2024/11/15 10:37,113.358460,23.099480,广东省广州市海珠区琶洲街道新港东路980
鄂A1K075,LSVCD6F27P2028399,奥迪A7L/自动/三厢/2.0T,2024/11/15 11:30,112.719950,26.372380,湖南省衡阳市耒阳市南京镇喜山岭西北约465米
鄂AW9203,LSVCD6F27P2029004,奥迪A7L/自动/三厢/2.0T,2024/11/15 11:26,104.221820,31.000740,四川省德阳市广汉市3星堆镇人间美食农家乐东北约121米
鄂A1H84A,LSVCD6F28P2022708,奥迪A7L/自动/三厢/2.0T,2024/11/15 10:24,99.276130,28.237880,云南省迪庆藏族自治州德钦县奔子栏镇松赞奔子栏酒店-中餐厅
鄂A9L94H,LSVCD6F28P2023602,奥迪A7L/自动/三厢/2.0T,2024/11/15 10:59,119.022860,33.570580,江苏省淮安市清江浦区清浦街道港口路7号西南约75米
鄂AZ8G35,LSVCD6F28P2028265,奥迪A7L/自动/三厢/2.0T,2024/11/14 21:38,120.376790,36.088970,山东省青岛市市北区敦化路街道停车场
豫A59N2Z,LSVCD6F28P2028301,奥迪A7L/自动/三厢/2.0T,2024/11/15 11:29,117.133880,34.144730,江苏省徐州市铜山区新区街道台上村小桥东南约361米
沪FYK623,LSVCD6F28P2028458,奥迪A7L（沪牌）/自动/三厢/2.0T,2024/11/15 11:26,115.644900,37.729800,河北省衡水市桃城区衡水高新技术产业开发区永兴西路婴姿美母婴馆对面西北约50米
鄂A8832E,LSVCD6F28P2028489,奥迪A7L/自动/三厢/2.0T,2024/11/15 10:56,121.482250,31.239450,上海市黄浦区外滩街道江西中路
鄂A5Z9D8,LSVCD6F28P2028699,奥迪A7L/自动/三厢/2.0T,2024/11/14 21:33,120.901740,31.998560,江苏省南通市崇川区园林路观阳路口东北约108米
粤A77L0K,LSVCD6F29P2028341,奥迪A7L（粤A牌）/自动/三厢/2.0T,2024/11/15 10:01,100.797730,22.000980,云南省西双版纳傣族自治州景洪市允景洪街道金凤宾馆停车场
鄂A8C45Y,LSVCD6F29P2028582,奥迪A7L/自动/三厢/2.0T,2024/11/15 11:15,108.898370,24.783140,广西壮族自治区河池市罗城仫佬族自治县东门镇停车场
浙A263W7,LSVCD6F2XP2020314,奥迪A7L（浙A牌）/自动/三厢/2.0T,2024/11/15 11:25,120.046800,29.287760,浙江省金华市义乌市稠江街道童店路28号
粤A1QJ10,LSVCD6F2XP2028476,奥迪A7L（粤A牌）/自动/三厢/2.0T,2024/11/15 11:28,113.233910,23.172270,广东省广州市白云区同德街道万德楼附近
鄂AP152J,LSVCD6F2XP2028512,奥迪A7L/自动/三厢/2.0T,2024/11/15 11:21,106.687400,26.730830,贵州省贵阳市白云区沙文镇贵阳白云玉兰家常小菜馆东南约99米
鄂AP152J,LSVCD6F2XP2028512,奥迪A7L/自动/三厢/2.0T,,0.000000,0.000000,全球
粤CK057H,LSVCD6F2XP2028882,奥迪A7L/自动/三厢/2.0T,2024/11/15 11:03,108.934870,30.282420,湖北省恩施土家族苗族自治州利川市都亭街道腾龙·金港综合批市场停车场(东入口)
